{"cameraMode":{"drawMode":0,"name":"Shaded","section":"Shading Mode"},"sceneLighting":true,"audioPlay":false,"sceneViewState":{"m_AlwaysRefresh":false,"showFog":true,"showSkybox":true,"showFlares":true,"showImageEffects":true,"showParticleSystems":true,"showVisualEffectGraphs":true,"m_FxEnabled":true},"in2DMode":false,"pivot":{"x":-0.15959474444389344,"y":11.391273498535157,"z":53.747867584228519},"rotation":{"x":-0.27860644459724429,"y":-0.04031945392489433,"z":0.011708970181643963,"w":-0.9594494700431824},"size":1.1932789087295533,"orthographic":false}